bmi category	ap_lo     	ap_hi
Healthy      	82.790628	126.053465
obese       	86.270171	134.673301
overweight     	84.124719	129.387009
underweight   	82.414414	124.351351
